,offset2cen,offset2peak,devi_cenx,devi_ceny,devi_pk_x,devi_pk_y
0,53.70364219371342,52.168352420246386,51.59524015474108,-14.900079806665133,49.92494015474108,-15.133979806665138
1,0.5776132565672213,1.2464231967742347,0.5747946101432717,0.05699324795477878,0.37809461014330736,1.187693247954826
2,0.6231834056421143,1.344024736255008,0.6049021467160856,0.14983641068170073,0.4082021467161212,1.2805364106817478
3,0.6229320672897737,1.3441104308258671,0.6045967787217705,0.15002365019279296,0.4078967787218062,1.28072365019284
4,0.8387867566443761,1.6049065444978914,0.749858752023556,0.37586576744320155,0.5531587520235917,1.5065657674432487
5,0.6374928778814405,1.4016709901580369,0.6014722296677064,0.21125417460518747,0.40477222966774207,1.3419541746052346
6,0.6374930141070999,1.4016710776182126,0.6014723552727901,0.21125422807119776,0.40477235527282573,1.3419542280712449
7,0.6591079031211752,1.2126072832601933,0.6590366552902651,-0.009690972119074104,0.46233665529030077,1.121009027880973
8,0.6942296658233365,1.2644548620734724,0.6934882646023652,0.032075781642561196,0.4967882646024009,1.1627757816426083
9,0.6941074032564801,1.2644066045262259,0.693365880323654,0.03207558664246335,0.49666588032368963,1.1627755866425105
10,1.5216922926554026,0.694856707384055,1.1965329240347273,-0.9401363705483163,-0.5362670759652701,0.4418636294517455
11,1.4998889274359597,0.7301535604342867,1.2410915082284646,-0.8422343277545679,-0.49170849177153286,0.539765672245494
12,1.499822458964543,0.7301903396592724,1.240969499747962,-0.8422957373213649,-0.49183050025203556,0.539704262678697
13,1.5582615850661319,0.8145700211553357,1.4264495608433663,-0.6272326664504817,-0.3063504391566312,0.7547673335495801
14,1.4932112588447561,0.7742562800023872,1.2950027400815998,-0.7434028293744177,-0.4377972599183977,0.6385971706256441
15,1.493210972192979,0.7742563705300519,1.2950022989600711,-0.7434030220315435,-0.4377977010399263,0.6385969779685183
16,1.5008354705694278,0.7173824175752895,1.1468634481198023,-0.9680967622537082,-0.5859365518801951,0.4139032377463536
17,1.5008357503912286,0.7173821149450283,1.1468638408680363,-0.9680967307876926,-0.5859361591319612,0.4139032692123692
18,1.4188249882937605,0.8143179264517934,1.022667017719641,-0.9834716662289793,-0.7101329822803564,0.39852833377108254
19,1.5731941756742962,5.385090395717689,0.43863393948873863,-1.5108077910522297,-0.3722660605112651,-5.372207791052233
20,1.4791040182199164,5.2702956673982255,0.48136632548693115,-1.3985832679542227,-0.3295336745130726,-5.259983267954226
21,1.479054953325617,5.2702687065597855,0.4813051785218363,-1.3985524230736246,-0.32959482147816743,-5.259952423073628
22,1.477715065813263,5.2265036746010125,0.5781544999729817,-1.359918817390394,-0.232745500027022,-5.221318817390397
23,1.5390740405311665,5.3347601637332485,0.47800311492579795,-1.4629634049962306,-0.3328968850742058,-5.324363404996234
24,1.539059779110245,5.334780739666913,0.477911603784662,-1.4629782987600493,-0.3329883962153417,-5.3243782987600525
25,1.6272332621953403,5.398498680697657,0.5516555420545615,-1.5308704231630372,-0.25924445794544226,-5.3922704231630405
26,1.6272124373224803,5.398501472996419,0.5515944987805028,-1.530870283561626,-0.2593055012195009,-5.392270283561629
27,1.5929404494484611,5.374548124651692,0.5210151075963836,-1.5053247268099312,-0.28988489240362014,-5.3667247268099345
28,1.912318373055446,5.683847083818092,-0.07644210996697609,-1.9107899318735235,-1.3946421099669806,-5.5100899318735514
29,1.7540021492309537,5.522815093610083,-0.041546819948095504,-1.753510023141871,-1.3597468199481,-5.352810023141899
30,1.7540024306885256,5.5228187840316085,-0.04156212893194322,-1.7535099418879554,-1.3597621289319477,-5.352809941887983
31,1.784114712409279,5.539998300525373,0.010245884430290175,-1.7840852919318309,-1.3079541155697143,-5.383385291931859
32,1.7841148217440495,5.539998467745056,0.010245632131116622,-1.7840854027173236,-1.3079543678688879,-5.3833854027173516
33,1.7560103881905371,5.5024120845375,0.051236483834330215,-1.755262745618836,-1.2669635161656743,-5.354562745618864
34,1.831828789281493,5.5932156985376515,-0.018948638584262767,-1.8317307832583651,-1.3371486385842672,-5.431030783258393
35,1.8467983031658604,5.616806385396542,-0.05987931665485746,-1.8458273050351295,-1.378079316654862,-5.445127305035157
36,1.9798190943478793,3.5609667630670865,0.04406689458596702,-1.9793286122182963,0.03136689458597175,-3.5608286122183017
37,1.975757625536311,3.5573061459420576,-0.02055216904363988,-1.9756507290542231,-0.03325216904363515,-3.5571507290542286
38,1.9757872392055351,3.557335814481767,-0.020500144581774293,-1.9756808848292167,-0.033200144581769564,-3.557180884829222
39,2.016937943942405,3.5948021903795127,0.16757751999034554,-2.0099642893615055,0.15487751999035027,-3.591464289361511
40,1.9485522857990212,3.5248943394592906,0.19690524519614883,-1.9385779156141325,0.18420524519615356,-3.520077915614138
41,1.9485516326873964,3.5248937631270163,0.19690363374206754,-1.9385774228201171,0.18420363374207227,-3.5200774228201226
42,1.8824223185471352,3.463934536967752,0.0027646159594496567,-1.882420288422054,-0.009935384040545614,-3.4639202884220595
43,1.9678375217856212,3.5487328987084124,-0.09186720680622784,-1.965691971917522,-0.10456720680622311,-3.5471919719175276
44,1.7460689850792543,3.327302918143518,-0.062274376190316616,-1.7449581091607342,-0.07497437619031189,-3.3264581091607397
45,1.7501236139236613,3.331580889040835,-0.04033770173077755,-1.7496586906686389,-0.053037701730772824,-3.3311586906686443
46,1.882483257177939,3.463995288440305,0.0028076774808596383,-1.882481163385819,-0.009892322519135632,-3.4639811633858244
47,2.0321327580767083,3.613563262687079,0.017131431599636926,-2.0320605454808174,0.004431431599641655,-3.613560545480823
48,1.7501097174196134,3.331567106467989,-0.04032145157657396,-1.7496451650404197,-0.053021451576569234,-3.331145165040425
49,2.0665752607548575,3.6477781601707884,0.04101062806671507,-2.0661682982636194,0.0283106280667198,-3.647668298263625
50,2.066566601476615,3.6477693704299843,0.04102130113619751,-2.0661594254054307,0.028321301136202237,-3.647659425405436
51,0.7613078943339303,2.5103506765195918,-0.16737977115258218,-0.7426800941078682,-0.410379771152634,-2.476580094107817
52,0.6259151949615385,2.3761219884268954,-0.0541505419156465,-0.6235684004934683,-0.29715054191569834,-2.357468400493417
53,0.6259788616233439,2.376186669629689,-0.05418337296669051,-0.6236294551199535,-0.29718337296674235,-2.357529455119902
54,0.5736095744218613,2.323840560026187,-0.049226155250266856,-0.5714934203538178,-0.2922261552503187,-2.3053934203537665
55,0.5862838347919735,2.3371231596275512,-0.07841810438560515,-0.5810157793407598,-0.321418104385657,-2.3149157793407085
56,0.5864028558695308,2.3372425175898095,-0.0785232749193483,-0.5811216780226687,-0.32152327491940014,-2.3150216780226174
57,0.6291269359749907,2.379927483651015,-0.09594301003994588,-0.6217681564648956,-0.3389430100399977,-2.3556681564648443
58,0.535244092795459,2.2852606989985764,-0.10781473573649691,-0.5242730411059711,-0.35081473573654876,-2.2581730411059198
59,0.535244092795459,2.2852606989985764,-0.10781473573649691,-0.5242730411059711,-0.35081473573654876,-2.2581730411059198
60,0.44379508236486753,1.254385234780657,0.3826291056907394,0.22483114243703994,-0.9499708943092173,-0.8191688575629996
61,0.41798668089810603,1.2751905847156533,0.3376250278522548,0.24641876141231478,-0.9949749721477019,-0.7975812385877248
62,0.3403419235056408,1.355914784959225,0.29226023528281075,0.17440349700609659,-1.040339764717146,-0.869596502993943
63,0.5375986214529149,1.1618690713336148,0.46255829878714394,0.27395637976002263,-0.8700417012128128,-0.7700436202400169
64,0.481015260342681,1.2208641046758366,0.42208992918403965,0.2306854402946783,-0.9105100708159171,-0.8133145597053613
65,0.5469744275438011,1.1459309099135988,0.4267891975443945,0.3420994084272593,-0.9058108024555622,-0.7019005915727803
66,0.7693010384625472,1.88697546395224,0.5356199194261535,-0.5522095523381267,-0.9980800805737999,-1.6014095523380547
67,0.7944776668964658,1.7465760812671784,0.6497567040628383,-0.45717719619710806,-0.8839432959371152,-1.506377196197036
68,0.7944776668964658,1.7465760812671784,0.6497567040628383,-0.45717719619710806,-0.8839432959371152,-1.506377196197036
69,0.8227704138374639,1.5903930231851644,0.7512926586141475,-0.3354258412805393,-0.7824073413858059,-1.3846258412804673
70,0.7651281609677755,1.596930832096254,0.6986286747064696,-0.31199211141279193,-0.8350713252934838,-1.36119211141272
71,0.7651281609677755,1.596930832096254,0.6986286747064696,-0.31199211141279193,-0.8350713252934838,-1.36119211141272
72,0.7801595718074237,1.674537365621326,0.676192769686395,-0.38911732897236107,-0.8575072303135585,-1.438317328972289
73,0.7352510908577771,1.5686664066213234,0.6840921575767425,-0.26946629946905887,-0.849607842423211,-1.3186662994689868
74,0.7352510908577771,1.5686664066213234,0.6840921575767425,-0.26946629946905887,-0.849607842423211,-1.3186662994689868
75,2.0458975238109836,3.625912191611866,0.10360758791716762,-2.0432724110264644,0.09090758791717235,-3.62477241102647
76,2.0246208980881075,3.605019484227443,0.08686863585148785,-2.0227564413642085,0.07416863585149258,-3.604256441364214
77,2.0246180061537262,3.605015095155084,0.08693546969129784,-2.0227506754297337,0.07423546969130257,-3.604250675429739
78,2.045787423589722,3.625716737921607,0.10688975734933592,-2.0429930891443746,0.09418975734934065,-3.62449308914438
79,1.1649427963889432,0.46052649152508474,1.0661112042396326,0.46957280484841846,0.42771120423958564,-0.17072719515158497
80,1.1337095587743247,0.4147970639463641,1.0238074641474668,0.48694521253649015,0.3854074641474199,-0.15335478746351328
81,1.336477536214391,0.5975521693236515,1.226048161091967,0.5319568699515926,0.58764816109192,-0.10834313004841079
82,1.3087654077244835,0.557617837462537,1.188375641234643,0.5482975722875167,0.549975641234596,-0.09200242771248668
83,1.2214687751276956,0.5033984965690066,1.1188538563044403,0.49005307553839117,0.4804538563043934,-0.15024692446161225
84,1.2765301201056494,0.487089117460655,1.1241902566807767,0.604752357846543,0.4857902566807297,-0.0355476421534604
85,1.021657135614116,0.38601238146894024,0.9402359267658085,0.39967449852358783,0.30183592676576154,-0.2406255014764156
86,1.1632705940039787,0.4420062250315961,1.0544895019368141,0.4911724393524324,0.4160895019367672,-0.14912756064757104
87,1.1632705940039787,0.4420062250315961,1.0544895019368141,0.4911724393524324,0.4160895019367672,-0.14912756064757104
88,0.08229518646175334,1.2370118447787442,0.042983235626479654,-0.07017791083990232,-0.9290167643735003,-0.8167779108398463
89,0.25800087645990133,1.4461216630790517,-0.08050102284767036,-0.24512045523488268,-1.0525010228476503,-0.9917204552348267
90,0.0508020924571239,1.2555814826777711,0.002100996744161421,-0.05075862892852001,-0.9698990032558186,-0.797358628928464
91,0.0508020924571239,1.2555814826777711,0.002100996744161421,-0.05075862892852001,-0.9698990032558186,-0.797358628928464
92,0.1568260599387916,1.26286521438146,0.07201028323027003,-0.13931594375742407,-0.89998971676971,-0.885915943757368
93,0.15682763309187422,1.2628621162502423,0.07201431983435214,-0.13931562812547327,-0.8999856801656279,-0.8859156281254172
94,0.13476437615256265,1.3088911505836949,0.004264577988919882,-0.13469688361044518,-0.9677354220110601,-0.8812968836103892
95,0.0347152692110991,1.2469800972934733,0.0001428744045597341,-0.034714975202405185,-0.9718571255954203,-0.7813149752023492
96,0.16972483203567232,1.9684424370747928,-0.15688920929824235,-0.06474793135930668,-1.5245892092982558,-1.24514793135927
97,0.06445039090668976,1.8053881905729612,-0.04026306587138606,0.050326319303735545,-1.4079630658713995,-1.1300736806962277
98,0.2025127363214776,1.6131880437432335,0.11022720841265254,0.16988634700283,-1.257472791587361,-1.0105136529971332
99,0.20019078122990958,1.6301010485692435,0.07695223149312369,0.1848099103340246,-1.2907477685068898,-0.9955900896659386
100,0.10322378975428292,1.7722431056946992,-0.03493274466245566,0.0971331772443591,-1.4026327446624691,-1.0832668227556042
101,0.19618760282336345,1.727695853452946,-0.04808406342294802,0.1902038336793339,-1.4157840634229615,-0.9901961663206293
102,1.8588501186295372,3.439961690087012,-0.07452047432798281,-1.857355771637458,-0.08722047432797808,-3.4388557716374635
103,1.8426540990417983,3.424048517727674,-0.050136274730903096,-1.8419719006194555,-0.06283627473089837,-3.423471900619461
104,1.8426546788558729,3.4240490824558214,-0.050137990067923965,-1.8419724339580625,-0.06283799006791924,-3.423472433958068
105,1.857496853229936,3.4386606218309765,-0.07082842519525911,-1.856145978618997,-0.08352842519525439,-3.4376459786190026
106,0.2709118269462974,1.9206620514043657,-0.04452534635186112,-0.2672278269784556,-1.8088253463519095,-0.6458278269784614
107,0.12848927838947782,1.7221794049197945,0.10331183796370169,-0.07639475634891824,-1.6609881620363467,-0.45499475634892406
108,0.0815426555953274,1.7583633892955464,0.06022874372172282,-0.05497002011315999,-1.7040712562783256,-0.4335700201131658
109,0.19614515187552622,1.7403918584486167,0.110104623673692,-0.1623264995308773,-1.6541953763263564,-0.5409264995308831
110,0.0815401117886825,1.758369487885641,0.06022307182672648,-0.054972460835074344,-1.704076928173322,-0.43357246083508016
111,0.19614522273646298,1.7403917171638459,0.11010476825185833,-0.16232648708864872,-1.65419523174819,-0.5409264870886545
112,0.17114276843930865,1.7988608100302803,0.04919837473858024,-0.1639187820603638,-1.7151016252614681,-0.5425187820603696
113,0.07779766692776617,1.7738995306679082,0.04615116473098624,-0.06263024008717366,-1.7181488352690621,-0.4412302400871795
114,0.07779766692776617,1.7738995306679082,0.04615116473098624,-0.06263024008717366,-1.7181488352690621,-0.4412302400871795
115,1.46982353391755,1.5801207086792948,0.596699649513539,1.3432537917788636,-1.1544003504864122,1.078953791778872
116,1.447015740557843,1.6114205232858358,0.5499050268285828,1.338453964427174,-1.2011949731713685,1.0741539644271825
117,1.447015740557843,1.6114205232858358,0.5499050268285828,1.338453964427174,-1.2011949731713685,1.0741539644271825
118,1.4817156595026355,1.5078540536783656,0.6740209151441832,1.3195366995894915,-1.077079084855768,1.0552366995895
119,1.6307393434586943,1.5976768067889324,0.703954510621088,1.4709720776684776,-1.0471454893788632,1.206672077668486
120,1.6307115405155224,1.5976533405713742,0.7039546944488393,1.470941166917953,-1.047145305551112,1.2066411669179615
121,0.003956555267080197,1.9307390641659294,0.0037979968478794035,0.0011088505422094386,-0.32790200315207585,-1.9026911494578371
122,1.5949231862389093,1.529019564836247,0.7411217765443325,1.4122742234899874,-1.0099782234556187,1.147974223489996
123,0.2016709879324673,1.806662533752656,0.172697432133873,0.10414789632068278,-0.15900256786608225,-1.7996521036793638
124,1.5732043986511612,1.59852879350212,0.6567949208008486,1.4295427632447968,-1.0943050791991027,1.1652427632448052
125,0.20144537605589627,1.806714846536714,0.172452553802259,0.10411703137037875,-0.15924744619769626,-1.7996829686296678
126,1.6289335125777213,1.5793312175479022,0.720426739859704,1.460961909460309,-1.0306732601402473,1.1966619094603175
127,1.5261633178732368,1.6553248787776729,0.5641269922871288,1.418074472443152,-1.1869730077128224,1.1537744724431604
128,0.19249234466451737,1.7709241173792578,0.1268765967543004,0.14476060220408726,-0.20482340324565484,-1.7590393977959593
129,1.5865503216191803,1.5539736793562446,0.7106068547066116,1.418513243178893,-1.0404931452933397,1.1542132431789014
130,1.6405436683679593,1.6303932461916248,0.6796084288239399,1.493156358622116,-1.0714915711760113,1.2288563586221244
131,1.3506044875551522,1.644529200096378,0.4520317242877354,1.2727135585203655,-1.2990682757122158,1.008413558520374
132,0.18300709325101125,1.7558847262187656,0.07550180558814645,0.1667065491608355,-0.2561981944118088,-1.737093450839211
133,1.4637359635625145,1.6448481824277015,0.5287287175024176,1.3649061924962211,-1.2223712824975337,1.1006061924962296
134,1.4637359635625145,1.6448481824277015,0.5287287175024176,1.3649061924962211,-1.2223712824975337,1.1006061924962296
135,0.1830069927040531,1.7558847974268827,0.07550167985777989,0.1667064957259754,-0.25619832014217536,-1.7370935042740712
136,1.4562681317531116,1.7267698905998932,0.4401242834924233,1.388166952005406,-1.310975716507528,1.1238669520054145
137,1.568212217707067,1.7193826418631346,0.5308672090136497,1.4756251441879726,-1.2202327909863016,1.211325144187981
138,1.568212217707067,1.7193826418631346,0.5308672090136497,1.4756251441879726,-1.2202327909863016,1.211325144187981
139,1.7391063955627737,1.737909620092766,0.6534266614548869,1.6116837944172744,-1.0976733385450643,1.3473837944172828
140,0.15251045999485188,1.8770914493091,0.1482751637902311,0.03569196283228848,-0.18342483620972416,-1.868108037167758
141,1.720840394068972,1.7272039205443908,0.6486566403077632,1.5939059648687248,-1.102443359692188,1.3296059648687333
142,1.720840394068972,1.7272039205443908,0.6486566403077632,1.5939059648687248,-1.102443359692188,1.3296059648687333
143,0.22192653572739812,1.757808565405941,0.1593524959153001,0.15446089895351633,-0.17234750408465516,-1.7493391010465302
144,0.221272902231552,1.7580638089342508,0.15862029029494806,0.1542767019634539,-0.1730797097050072,-1.7495232980365927
145,0.40441002673122095,1.5136032264663106,0.38973392249636163,0.10795804451890945,-0.8313660775036169,-1.264841955481188
146,0.5461848836758059,1.3663530970719322,0.5044098815058078,0.20949605866280763,-0.7166901184941707,-1.1633039413372899
147,0.706546526662365,1.1882957406203327,0.6125207709656024,0.35217367799759813,-0.6085792290343761,-1.0206263220024994
148,0.5463039909127112,1.366362615540218,0.5045893866904407,0.20937430913681965,-0.7165106133095378,-1.1634256908632779
149,0.6839891984795357,1.1879505778671786,0.5687031394515998,0.3800236345473422,-0.6523968605483788,-0.9927763654527553
150,0.6840443421282741,1.1879132821120437,0.5687682135073828,0.38002550085661824,-0.6523317864925957,-0.9927744991434793
151,0.5910128826656863,1.303465303794799,0.5254993868114752,0.27045632168164957,-0.6956006131885033,-1.102343678318448
152,0.6482791419604139,1.2133762867386975,0.5269753787174523,0.37757488810370887,-0.6941246212825263,-0.9952251118963886
153,0.6482791419604139,1.2133762867386975,0.5269753787174523,0.37757488810370887,-0.6941246212825263,-0.9952251118963886
154,0.35185537079327067,1.6181298641256727,0.1400811559349222,-0.3227684490590832,-1.527418844065096,-0.5341684490591092
155,0.3266678126344346,1.6497484973894312,0.1023821355322525,-0.31020921671546375,-1.5651178644677657,-0.5216092167154898
156,0.4077707058413586,1.7443926460986203,0.036085903583170875,-0.4061708459564102,-1.6314140964168473,-0.6175708459564362
157,1.6501307222926602,2.9960444551046934,-0.08025456460168812,-1.6481779653649937,-1.3740545646016926,-2.6623779653649535
158,0.3559379636480051,1.5637889419248443,0.19003013702990756,-0.30096574719772207,-1.4774698629701106,-0.5123657471977481
159,1.5240376221140342,2.840073851435522,0.019437987598138307,-1.5239136583996924,-1.2743620124018662,-2.538113658399652
160,1.5240376221140342,2.840073851435522,0.019437987598138307,-1.5239136583996924,-1.2743620124018662,-2.538113658399652
161,1.469659021218558,2.7453430944683195,0.11494571460602288,-1.465157029585157,-1.1788542853939816,-2.479357029585117
162,0.371032829825526,1.5899841092072435,0.17206768036203357,-0.3287218796842808,-1.4954323196379846,-0.5401218796843068
163,0.2822110913817502,1.5626624152466262,0.16760760899740035,-0.22704798943186688,-1.4998923910026178,-0.4384479894318929
164,1.5003242433738082,2.7846819925869717,0.091450803828792,-1.4975345023518685,-1.2023491961712125,-2.5117345023518283
165,1.5003242375891208,2.7846819773710183,0.09145082434528717,-1.497534495303512,-1.2023491756547173,-2.5117344953034717
166,1.5585416918080226,2.8632871714167747,0.03619272809473273,-1.5581213982026156,-1.2576072719052718,-2.5723213982025754
167,1.4548272958841229,2.77526885311317,0.02605645231412268,-1.454593937201139,-1.2677435476858818,-2.4687939372010987
168,0.43125584166272063,2.013593054482765,0.016077255468530893,-0.4309560567213566,-1.0521227445315162,-1.7168560567213262
169,0.4271238923618452,2.0277913446790743,-0.017485733927628644,-0.42676582400110874,-1.0856857339276758,-1.7126658240010784
170,0.5102289635416003,2.1313978796899966,-0.09241181845902702,-0.5017904453512756,-1.1606118184590741,-1.7876904453512452
171,0.6075629846305832,2.2446883586509507,-0.17848723474332928,-0.5807538956622693,-1.2466872347433764,-1.866653895662239
172,0.41622913391749083,2.054775309662167,-0.10101570590779829,-0.4037852388109968,-1.1692157059078454,-1.6896852388109664
173,0.471698748085799,2.0766810893627956,-0.04068561350413802,-0.4699408364884903,-1.1088856135041851,-1.75584083648846
174,0.9174698786803941,1.722247429190114,-0.001579495402665998,-0.9174685190675973,-0.7567794954027249,-1.5470685190675795
175,0.8263767914782959,1.5734164636598305,0.1330626951321392,-0.8155936001821829,-0.6221373048679197,-1.445193600182165
176,0.8263767914782959,1.5734164636598305,0.1330626951321392,-0.8155936001821829,-0.6221373048679197,-1.445193600182165
177,0.7499441450245842,1.4124859923031312,0.2736096271501083,-0.698250666012882,-0.48159037284995065,-1.3278506660128642
178,0.71111472282319,1.4133290539835106,0.21693594674752603,-0.6772170582794388,-0.5382640532525329,-1.306817058279421
179,0.8243401910750059,1.5414393945646712,0.18629464758919312,-0.8030137326977638,-0.5689053524108658,-1.432613732697746
180,0.7142894599361127,1.4288595600356508,0.19822449310117918,-0.6862335483715469,-0.5569755068988798,-1.315833548371529
181,0.13839352700066967,1.7946901198710583,0.014337920176330954,-0.13764880079645536,-1.015362079823717,-1.4798488007965034
182,0.3753015180963854,2.058057357461004,-0.15063533597549394,-0.3437444181961382,-1.180335335975542,-1.6859444181961862
183,0.13550126503219379,1.8211910226300108,-0.04574629751050452,-0.12754555691753922,-1.0754462975105525,-1.4697455569175872
184,0.23593696178944448,1.8804216005550147,0.007055320064409898,-0.23583144912674925,-1.0226446799356381,-1.5780314491267973
185,0.5526661847897116,1.4093397528906788,0.2953568249095042,0.467123386044193,-0.021443175090553268,-1.4091766139558217
186,0.5408549190891951,1.3948957232643568,0.24263195788535086,0.4833774679437397,-0.07416804211470662,-1.392922532056275
187,0.3028990180802333,1.9415604859391435,-0.0014731806086274446,-0.30289543557614707,-1.0311731806086755,-1.645095435576195
188,0.16702966136172004,1.8130021724581675,0.02277041787510825,-0.16547028689285526,-1.0069295821249398,-1.5076702868929033
189,0.6437679843142122,1.3638866708543198,0.38729590171442396,0.5142364263091395,0.07049590171436648,-1.3620635736908753
190,0.5753614751463865,1.415893780918715,0.3446938304955438,0.4606810070981169,0.027893830495486327,-1.4156189929018979
191,0.6908023147405492,1.2885534070827167,0.3617188867256118,0.588529765633723,0.04491888672555433,-1.2877702343662918
192,1.04776052471973,1.0565187990668796,1.020071189459486,-0.23928411062097865,-0.9627288105405114,-0.4351841106209804
193,1.0082484084758667,1.08507844680048,0.9827724970666623,-0.22521783278300944,-1.0000275029333352,-0.4211178327830112
194,1.0650890773794315,1.0440572353561866,1.0364865606383091,-0.24517412663072236,-0.9463134393616883,-0.4410741266307241
195,1.1520638999128041,0.9153441500347289,1.1405440655643133,-0.1625129656006763,-0.8422559344356841,-0.35841296560067804
196,1.1927461882372055,0.8857494559696402,1.1794987254195348,-0.177274437773967,-0.8033012745804626,-0.37317443777396875
197,1.0462078518326166,1.0019401789670581,1.0373573537583525,-0.13579613337531526,-0.945442646241645,-0.331696133375317
198,1.0462078518326166,1.0019401789670581,1.0373573537583525,-0.13579613337531526,-0.945442646241645,-0.331696133375317
199,1.0074527555176103,1.09328770181009,0.9790680336384412,-0.23745913355224246,-1.0037319663615563,-0.4333591335522442
200,0.9200817029655696,1.2407167517524893,0.8589501699266293,-0.3297801475453568,-1.1238498300733681,-0.5256801475453585
201,1.0869895287859903,0.8566114342383213,0.5403718950642542,0.9431566416640749,-0.7636281049356057,-0.38814335833592395
202,0.6911563387006708,1.6849314329641711,-0.08543007770845179,-0.6858562432090594,-0.9453300777083768,-1.3947562432090308
203,1.070426601092472,0.8983615665411169,0.4897144043670778,0.9518365986248796,-0.8142855956327821,-0.37946340137511925
204,1.0296613860753512,0.9286688387523885,0.47445160568645406,0.9138370991791476,-0.8295483943134059,-0.41746290082085125
205,0.5857601639100243,1.5131281992403791,0.06982996329952584,-0.5815829655771267,-0.7900700367003992,-1.2904829655770982
206,1.2066654241741874,0.7257546568921299,0.6500131113582484,1.0166240214355753,-0.6539868886416116,-0.31467597856442353
207,0.31378122148915705,1.2822605308274149,0.07462901244730347,-0.30477723907858945,-0.7852709875526216,-1.0136772390785609
208,1.0868428975633768,0.8176467810031134,0.609412561797626,0.8999132255430027,-0.6945874382022339,-0.43138677445699614
209,1.213952090296583,0.7340427836289266,0.6316893474902372,1.0366524228509775,-0.6723106525096227,-0.29464757714902134
210,0.28536872638960115,1.3022468595706778,0.018215121823459413,-0.28478679628483405,-0.8416848781764656,-0.9936867962848055
211,0.5849112752462258,1.5405908952676275,0.022863996032356226,-0.5844642312371207,-0.8370360039675688,-1.293364231237092
212,0.4629472069790537,1.4303168454387492,0.03760800356053551,-0.4614171155450322,-0.8222919964393895,-1.1703171155450036
213,1.0231865994479084,0.9146483497257997,0.5019820170100502,0.8915855942579469,-0.8020179829898098,-0.4397144057420519
214,0.8932200861700323,1.0498141139782322,0.39907718871609177,0.7991117066994207,-0.9049228112837682,-0.5321882933005782
215,0.8806260990452738,2.601758332961731,0.15702870977770544,-0.8665127296383162,-1.2999712902224019,-2.2537127296382096
216,0.8299751675587458,2.4503042250765414,0.3012116785100716,-0.7733888436571306,-1.1557883214900357,-2.160588843657024
217,0.8688219468959644,2.5642154436413653,0.19712454760883702,-0.8461639841887063,-1.2598754523912703,-2.2333639841885997
218,0.7913080299241917,2.460360758852902,0.24331254156959403,-0.7529723801956152,-1.2136874584305133,-2.1401723801955086
219,0.7569565080637687,2.454562192359934,0.21027044563993513,-0.7271653833829532,-1.2467295543601722,-2.1143653833828466
220,0.28052213417848715,1.360681857034587,-0.16034899402040992,-0.23017573260597146,-1.0360489940204616,-0.8820757326059265
221,0.027792171305280302,1.0691722942060047,0.008560928537576729,0.026440788347485977,-0.8671390714624749,-0.6254592116524691
222,0.12613511837060223,1.1790974799675982,-0.010660097168397442,-0.125683851049871,-0.8863600971684491,-0.7775838510498261
223,0.12613511837060223,1.1790974799675982,-0.010660097168397442,-0.125683851049871,-0.8863600971684491,-0.7775838510498261
224,0.06179263493889906,1.0923458078359944,-0.03600261427754958,0.050220926891825,-0.9117026142776012,-0.6016790731081301
225,0.06179263493889906,1.0923458078359944,-0.03600261427754958,0.050220926891825,-0.9117026142776012,-0.6016790731081301
226,0.11887921591083712,1.1915922460683284,-0.038396941764631265,-0.11250752347598336,-0.9140969417646829,-0.7644075234759384
227,0.04345308149574459,1.1324999202639827,-0.04174378084542241,-0.012067603415971462,-0.9174437808454741,-0.6639676034159265
228,0.3489423956382433,1.7578781883225276,0.33575882739091867,-0.09500950111873863,-0.9463411726089817,-1.4814095011188328
229,0.4262858280370319,1.606310194341448,0.42539004457285046,0.02762095515231522,-0.8567099554270499,-1.358779044847779
230,0.38096540622172453,1.611391838396676,0.37725452817403493,0.05304396016390456,-0.9048454718258654,-1.3333560398361897
231,0.38229943980734055,1.6912410481432885,0.3797577156610714,-0.04401066998912029,-0.9023422843388289,-1.4304106699892145
232,0.38970368805987005,1.5948473112789194,0.3835929094198036,0.06874186737582022,-0.8985070905800967,-1.317658132624274
233,0.44775511646096877,1.5675592647920515,0.4251806695706364,0.1403782124848476,-1.0680193304293653,-1.1474217875152135
234,0.20551676233339075,1.8839203687327293,0.19164512972122338,-0.07422455021173846,-1.3015548702787783,-1.3620245502117996
235,0.4131709923648835,1.5815826544679543,0.37838999957523356,0.16592551688404455,-1.114810000424768,-1.1218744831160166
236,0.3174007973839277,1.7253449544237303,0.3163221685672397,0.02614482459057399,-1.176877831432762,-1.2616551754094871
237,0.37352105175583206,1.6469453249152741,0.3624154234599928,0.09040485021887434,-1.1307845765400089,-1.1973951497811868
238,0.4163705803338065,1.5668828905726002,0.3648446484452279,0.2006311109184935,-1.1283553515547737,-1.0871688890815676
239,0.09774994847429043,1.7850680083402442,0.07443231062825362,0.0633631088352331,-1.1789676893718024,-1.3403368911647249
240,0.19950224057326443,1.685621935321165,0.1563134484067632,0.1239647120794416,-1.0970865515932928,-1.2797352879205164
241,0.18275194274182463,1.6999556636875164,0.10872245933614977,0.14689349683294495,-1.1446775406639063,-1.256806503167013
242,0.18275194274182463,1.6999556636875164,0.10872245933614977,0.14689349683294495,-1.1446775406639063,-1.256806503167013
243,0.22671535975428303,1.6655114321108024,0.1924650173768896,0.11982099746967378,-1.0609349826231664,-1.2838790025302842
244,0.2937798775902102,1.5983659202528295,0.2428349869055637,0.16534142134230478,-1.0105650130944923,-1.2383585786576532
245,0.3043593952878641,1.577580343818124,0.1978200818964524,0.23130468369333812,-1.0555799181036036,-1.1723953163066199
246,2.187162259276551,3.816546165108418,0.44090473744131486,-2.142260899355051,0.03760473744137016,-3.816360899355004
247,2.4035233659858566,4.08445232515133,0.12008652147369503,-2.4005215679515004,-0.2832134785262497,-4.0746215679514535
248,2.1601852631210714,3.8003465421749882,0.3817535247701471,-2.1261854616498113,-0.02154647522979758,-3.8002854616497643
249,2.30421398996918,3.9730150595822558,0.21295130563748899,-2.2943525999717167,-0.19034869436245572,-3.9684525999716698
250,2.3296869382227783,3.9782609083967597,0.34661862643656605,-2.3037570961221263,-0.056681373563378656,-3.9778570961220794
251,2.1892138432181567,3.834121093690535,0.35794547260888976,-2.159752830760226,-0.045354527391054944,-3.833852830760179
252,0.2714564044094747,1.3990705776738661,0.2412111819102165,0.12452206718648995,-1.366488818089806,-0.3001779328135399
253,0.5526597647140433,1.1732936486953498,0.4376526906452227,0.3374802778012054,-1.1700473093547998,-0.08721972219882446
254,0.5373309702230727,1.2144925487234834,0.3946949090138787,0.36461006617946623,-1.2130050909861438,-0.0600899338205636
255,0.42695094653653537,1.2621939248262903,0.3609111172983148,0.22810146022970912,-1.2467888827017077,-0.1965985397703207
256,0.4898062937229924,1.222887702662538,0.3918267181034025,0.29390819714831196,-1.21587328189662,-0.13079180285171788
257,0.5603242973877371,1.2154591127380674,0.39249413364746033,0.3998895763775181,-1.2152058663525622,-0.024810423622511735
258,0.12432210783352018,1.8013928897373495,0.0625577566835318,-0.10743609065343662,-1.797342243316507,-0.12073609065339497
259,0.2346958991182569,1.9385379747389289,-0.06382999721449778,-0.2258492783219026,-1.9237299972145365,-0.23914927832186095
260,0.091849428443282,1.8409545780741527,0.021802469078807007,-0.08922426714423182,-1.8380975309212317,-0.10252426714419016
261,0.1514359917720271,1.7733786253168218,0.09158397424539544,-0.12060362874058228,-1.7683160257546433,-0.13390362874054063
262,0.1413549725800002,1.8103927309452468,0.05519807668986232,-0.1301322427488003,-1.8047019233101764,-0.14343224274875865
263,0.059567527423780534,1.8086354141966052,0.05177022270765974,-0.029464119945828315,-1.808129777292379,-0.04276411994578666
264,0.8470426916962442,1.6097729110484773,0.5589349726026285,-0.6364534688079857,-0.4198650273973499,-1.5540534688079788
265,0.8968360300440831,1.5420658780543248,0.6722047353239304,-0.59367976097667,-0.3065952646760479,-1.511279760976663
266,0.8647156281635447,1.5396482816741806,0.6378705248031338,-0.5838272956771107,-0.3409294751968446,-1.5014272956771038
267,0.8647156470558133,1.539648254951204,0.6378705667729037,-0.5838272778039482,-0.3409294332270747,-1.5014272778039413
268,0.9135516642787246,1.583382999192604,0.6586295162131819,-0.6330748799938419,-0.32017048378679647,-1.550674879993835
269,0.8971388184871132,1.4812947869909796,0.7162396466625296,-0.5402396025701819,-0.26256035333744876,-1.457839602570175
270,0.8971388184871132,1.4812947869909796,0.7162396466625296,-0.5402396025701819,-0.26256035333744876,-1.457839602570175
271,0.8415534423102766,1.4799858406331725,0.6562626626604242,-0.5268125984276821,-0.32253733733955414,-1.4444125984276752
272,0.888158778746083,1.6081665664303655,0.6081638366312063,-0.6472733302691722,-0.37063616336877203,-1.5648733302691653
273,0.888158778746083,1.6081665664303655,0.6081638366312063,-0.6472733302691722,-0.37063616336877203,-1.5648733302691653
274,0.8897337032058007,1.7333590467405822,0.4870965101569027,-0.7445556073345188,-0.49170348984307566,-1.6621556073345118
275,1.8794631948752414,2.759122087143706,0.32452089645178717,-1.851234206862216,-0.2149791035482167,-2.750734206862205
276,1.9264336670721651,2.8434123286455804,0.16597012106129228,-1.9192708491883081,-0.3735298789387116,-2.8187708491882972
277,1.903335522792205,2.788587530589977,0.30309000177490475,-1.879048313148644,-0.23640999822509912,-2.778548313148633
278,1.8250484656868595,2.7140904142206344,0.28510479476099704,-1.8026417165122552,-0.2543952052390068,-2.7021417165122443
279,1.8250484656868595,2.7140904142206344,0.28510479476099704,-1.8026417165122552,-0.2543952052390068,-2.7021417165122443
280,1.8571259485105835,2.744067836617117,0.29457146696464065,-1.833615128504789,-0.24492853303536322,-2.733115128504778
281,1.750273995398697,2.638193122159297,0.2870051180875919,-1.7265824976410613,-0.252494881912412,-2.6260824976410504
282,1.242862601068876,1.601132418166822,0.6911663159833097,-1.0329552598180385,-0.9791336840166878,-1.266855259818044
283,1.223066553979006,1.6168728130295813,0.6608584207342574,-1.0291539939225345,-1.00944157926574,-1.26305399392254
284,1.2504745020892518,1.6084783524428303,0.6910786845153325,-1.0421596481268693,-0.979221315484665,-1.276059648126875
285,1.161603894363741,1.5274199888237423,0.688114532821146,-0.9358536194947078,-0.9821854671788515,-1.1697536194947133
286,1.1616384886577513,1.5273806522119002,0.6881744104149448,-0.9358525306805063,-0.9821255895850527,-1.1697525306805119
287,1.2347280106497482,1.6636802643564215,0.6282076859831704,-1.0629714782414226,-1.042092314016827,-1.2968714782414281
288,1.2347267238297193,1.6636822515377634,0.6282047861024012,-1.0629716972983374,-1.0420952138975963,-1.296871697298343
289,1.2695779725823224,1.8123760061864265,0.5133578596512507,-1.1611597376763143,-1.1569421403487468,-1.3950597376763199
290,1.102061019548883,2.064747238584739,-0.13190504158293592,-1.0941387255801374,-1.0025050415829355,-1.8050387255801752
291,0.9612755954121248,1.9134594326214522,-0.0632756741266256,-0.9591907836289693,-0.9338756741266252,-1.670090783629007
292,0.8288024610247442,1.729281050300481,0.07649082230310356,-0.8252652140397458,-0.794109177696896,-1.5361652140397837
293,0.8598501017599552,1.7685782787632216,0.05448772753553399,-0.858121952314832,-0.8161122724644656,-1.5690219523148698
294,1.0199878195520502,2.0228062584429636,-0.21225307515097924,-0.9976591522777198,-1.0828530751509788,-1.7085591522777577
295,0.9522433718064169,1.894492819359867,-0.03801523342027835,-0.9514842516706494,-0.908615233420278,-1.6623842516706873
296,0.950405719290473,1.928771059664574,-0.12266152561275234,-0.9424569918008956,-0.9932615256127519,-1.6533569918009334
297,0.8515728295922523,1.8137257943627594,-0.05324160072242634,-0.8499068278654249,-0.9238416007224259,-1.5608068278654628
298,0.7937109678896249,1.795036262230926,-0.12288272040902015,-0.7841408914048316,-0.9934827204090197,-1.4950408914048694
299,0.7757593244822283,1.776210747148614,-0.11419737963873544,-0.7673079486130518,-0.984797379638735,-1.4782079486130897
300,0.8999809036677029,1.8405543074417967,-0.02014654403748395,-0.8997553799393927,-0.8907465440374835,-1.6106553799394305
301,0.7822223846958034,1.7483537924853731,-0.040713077083037064,-0.7811621499238299,-0.9113130770830367,-1.4920621499238678
302,0.8190447079319474,1.7978468266417018,-0.07990654836177313,-0.8151375203732414,-0.9505065483617727,-1.5260375203732792
303,0.8448445054057527,1.7896910770174668,-0.014289370024439307,-0.8447236543501049,-0.8848893700244389,-1.5556236543501427
304,0.8374409161933121,1.81797887948067,-0.08995671217027379,-0.8325953867577027,-0.9605567121702734,-1.5434953867577406
305,0.9267655268879366,1.8842752660701034,-0.06540674372953603,-0.9244545958036952,-0.9360067437295356,-1.635354595803733
306,0.9666385457076478,2.1708432240495394,0.19591453841155726,-0.9465767648145516,-1.7801854615884167,-1.2423767648145372
307,0.91028952125187,1.989992389455374,0.3440149087394957,-0.8427815583328311,-1.6320850912604783,-1.1385815583328167
308,0.91028952125187,1.989992389455374,0.3440149087394957,-0.8427815583328311,-1.6320850912604783,-1.1385815583328167
309,0.9333618579227304,2.0125996302825415,0.3360702709024963,-0.8707589395696687,-1.6400297290974777,-1.1665589395696543
310,0.9205181523312264,2.038383904651804,0.3033674240872415,-0.8690925582318414,-1.6727325759127325,-1.164892558231827
311,0.9205181523312264,2.038383904651804,0.3033674240872415,-0.8690925582318414,-1.6727325759127325,-1.164892558231827
312,0.9428159953131756,2.0333633417228945,0.3216226772266282,-0.8862622944207601,-1.6544773227733458,-1.1820622944207457
313,0.8456775641929726,1.9792438938950991,0.3172885912389347,-0.7838995423196593,-1.6588114087610393,-1.079699542319645
314,0.8456775641929726,1.9792438938950991,0.3172885912389347,-0.7838995423196593,-1.6588114087610393,-1.079699542319645
315,0.5876574386493513,1.5162176935150966,0.411249296156484,-0.41978003955728127,-1.2808507038434982,-0.8113800395572071
316,0.5826767411192045,1.719237050647734,0.24104952036282157,-0.5304783816275176,-1.4510504796371606,-0.9220783816274434
317,0.6580238197973012,1.448241090651621,0.4988557561634934,-0.4291133672622891,-1.1932442438364887,-0.8207133672622149
318,0.5200257736497417,1.459414771276571,0.41456514761239305,-0.3139467210294242,-1.2775348523875891,-0.70554672102935
319,0.5921181069580507,1.3788428212225292,0.5047986262034101,-0.3094869941867273,-1.187301373796572,-0.7010869941866531
320,0.5084081886313954,1.4865347314779471,0.39019788301925473,-0.3259210001745032,-1.3019021169807274,-0.717521000174429
321,0.5699920031710763,1.5552700418506538,0.37246624880276613,-0.43146237052815195,-1.319633751197216,-0.8230623705280777
322,0.453057011359665,1.5219174132119115,0.33753166633528053,-0.3022135499329579,-1.3545683336647016,-0.6938135499328837
323,0.038448563452183504,1.0560697743951903,-0.0380004506420164,-0.00585301482487921,-0.8485004506420637,-0.6287530148248379
324,0.22793325566368478,1.2501251592042337,-0.17873650924411777,-0.14144549940056095,-0.9892365092441651,-0.7643454994005197
325,0.09997381083033874,1.00849832251743,-0.045191680442599136,0.08917664980651807,-0.8556916804426464,-0.5337233501934406
326,0.05561324401951858,1.0778239110132453,-0.044078970119812766,-0.033909840806927605,-0.8545789701198601,-0.6568098408068863
327,0.12823433221206243,0.8962129613284474,0.08651801638677625,0.09465028683723631,-0.723981983613271,-0.5282497131627224
328,0.12290400908644991,0.9179419368189632,0.0467648821761486,0.11365932097533005,-0.7637351178238987,-0.5092406790246287
329,1.3992926943443742,2.611198822007187,0.7519449862923011,-1.1800842266700329,-0.7432550137077669,-2.5031842266701005
330,1.4124128405950114,2.33627900881252,1.030036785201446,-0.9664027387220813,-0.465163214798622,-2.289502738722149
331,1.381519552919831,2.4968835281689326,0.8500930239849822,-1.0890078629981872,-0.6451069760150858,-2.412107862998255
332,1.4125463076119884,2.3352337411475417,1.031030418639375,-0.9655378537315755,-0.464169581360693,-2.288637853731643
333,1.3893625115857808,2.5042036202838385,0.8523555367851259,-1.0971865053452348,-0.6428444632149422,-2.4202865053453024
334,1.3020951949789707,2.3814349882085946,0.8648445309092949,-0.9733939768375421,-0.6303554690907731,-2.29649397683761
335,1.3662671877814245,2.3241380826645366,0.9869492142786385,-0.9447842488330025,-0.5082507857214296,-2.26788424883307
336,1.3613438122143269,2.328322654792333,0.9779435809921324,-0.9470392428249852,-0.5172564190079356,-2.270139242825053
337,0.41634467747184345,1.9293220666404853,0.37908514827290674,-0.17215499068583995,0.08928514827289291,-1.927254990685924
338,0.3190749775745802,2.0419813483631257,0.14921303293772326,-0.28203601209020235,-0.14058696706229057,-2.0371360120902864
339,0.3913897999940433,1.8145802808803253,0.38723719829067704,-0.056862358369698995,0.09743719829066322,-1.811962358369783
340,0.4319286795068545,1.8472049974733031,0.4230152907600768,-0.0872951772075794,0.133215290760063,-1.8423951772076634
341,0.33354398840148447,1.9388911870289063,0.27836090697019245,-0.18375744248737647,-0.011439093029821379,-1.9388574424874605
342,0.45943465332180494,1.3579323057980819,0.3149001838487493,0.33454158917083987,0.24980018384871983,-1.3347584108291812
343,0.37923743875638166,1.818925609375349,0.3741568274913334,-0.06186843618615967,0.08435682749131956,-1.8169684361862437
344,0.37923743875638166,1.818925609375349,0.3741568274913334,-0.06186843618615967,0.08435682749131956,-1.8169684361862437
345,0.6105064907697685,1.2789061171499214,0.42197678046409237,0.4411958431594485,0.3568767804640629,-1.2281041568405726
346,0.7891925431472765,1.2007441037430402,0.546550937905522,0.569303910432609,0.48145093790549254,-1.0999960895674121
347,0.6676792562750409,1.2391660256973978,0.4514670808507617,0.4919075768557377,0.38636708085073224,-1.1773924231442834
348,0.7434973465981227,1.1413139462797572,0.4473101936304147,0.5938871063365241,0.3822101936303852,-1.075412893663497
349,0.784757705286207,1.1613007517096956,0.5098759182036474,0.5965494145852972,0.44477591820361795,-1.072750585414724
350,0.4044682797215378,2.2634830164839634,-0.31527547595317174,-0.2533692237889227,-0.3355754759531919,-2.2384692237889112
351,0.23344268839904983,2.102002433711761,-0.20880716171564018,-0.10437939443795585,-0.22910716171566037,-2.0894793944379444
352,0.23599258043181076,2.135966566497176,-0.1895890973311225,-0.14052925742362277,-0.2098890973311427,-2.1256292574236113
353,0.21989687452877946,2.008429588516637,-0.21971520642216547,-0.008936637756505661,-0.24001520642218566,-1.9940366377564942
354,0.08109818891138205,2.0506072246627807,-0.04939146014044127,-0.06432262362420715,-0.06969146014046146,-2.0494226236241957
355,0.10098809327012037,2.0445599166566364,-0.08348422018377732,-0.056824114270625614,-0.10378422018379752,-2.041924114270614
356,0.4252863521075995,1.4061015398965249,0.275027023858911,0.3243896074727104,-0.932272976141121,-1.0526103925272423
357,0.35808925127008984,1.4922159032490336,0.1478753439837419,0.32613002700895777,-1.05942465601629,-1.050869972990995
358,0.4182038969845499,2.0934787439678977,-0.28469642957645647,-0.30633713852466826,-1.9838964295764754,-0.6684371385247232
359,0.2500348699149864,1.933611846141107,-0.1511601106277567,-0.1991684139827612,-1.8503601106277756,-0.5612684139828161
360,0.17426827487241245,1.8936356938094527,-0.13440286110437683,-0.11092926824767346,-1.8336028611043957,-0.4730292682477284
361,0.4280658808091606,1.4121584630935828,0.22033196773463715,0.3670071147908516,-0.9869680322653949,-1.0099928852091011
362,0.1415335128207125,1.878208628863992,-0.14070723364125115,-0.015271203370957664,-1.83990723364127,-0.3773712033710126
363,0.23641906869204568,1.915952181293881,-0.1340478697462686,-0.1947437923470261,-1.8332478697462875,-0.556843792347081
364,0.8882511488754343,1.6758353852814527,0.07970823775167446,-0.8846675648587166,-0.7793917622483377,-1.4835675648587312
365,0.1354219688649209,1.8720464862008102,-0.13471544971434923,-0.013815109826282423,-1.8339154497143682,-0.37591510982633736
366,0.8291994205407272,1.537070158324979,0.22065259113571756,-0.7993022663862348,-0.6384474088642946,-1.3982022663862494
367,0.9365107846749154,1.5626390743551863,0.336779984762984,-0.8738602243353739,-0.5223200152370282,-1.4727602243353886
368,0.8130006736438028,1.5175420551411485,0.22691379244474774,-0.7806921455629094,-0.6321862075552644,-1.379592145562924
369,0.7297608523952724,1.4470209761687496,0.2156287362437297,-0.6971765556834271,-0.6434712637562825,-1.2960765556834417
370,0.14944807716227493,1.6532427285573128,0.06146002030618547,0.13622552503647967,-1.6377399796938334,-0.22587447496357527
371,0.925880691539386,1.5736011682587343,0.3053918846991337,-0.8740657021788252,-0.5537081153008785,-1.4729657021788398
372,0.15978100221771907,1.6918729625448947,0.01961352403964156,0.15857262797987914,-1.6795864759603774,-0.2035273720201758
373,2.48448061395591,4.260455359078472,0.9677710822822974,-2.288244535319791,0.7598710822821886,-4.192144535319812
374,0.1676506048597122,1.6660225435924643,0.045309004622026805,0.1614119555980551,-1.6538909953779921,-0.20068804440199983
375,2.3542960393535424,4.116039739886304,0.9858203308906468,-2.1379588667975895,0.777920330890538,-4.041858866797611
376,2.3844201604583195,4.141228132937158,1.013828600441002,-2.1581499184551376,0.8059286004408932,-4.062049918455159
377,2.375930127048859,4.135131692596582,1.0021496248505173,-2.15423770694656,0.7942496248504085,-4.058137706946582
378,0.4198341044935029,0.8262298966213821,0.21159248485901117,0.36261452762823865,-0.7350075151409783,-0.37738547237177045
379,0.4636118969754364,0.9277425426903062,0.06230753417844426,0.45940587958989454,-0.8842924658215452,-0.28059412041011456
380,0.3510876937688332,1.7049498323481296,0.2942394935237189,-0.1915350859942464,-1.5591605064762462,-0.6898350859942184
381,0.48625386707680157,0.8433311645627916,0.1502466125552928,0.4624594886720388,-0.7963533874446966,-0.2775405113279703
382,0.31997395652864047,0.9904430875732619,0.05160305298852563,0.3157854616331406,-0.8949969470114638,-0.4242145383668685
383,0.3987465322843299,1.5367804706553572,0.398737609575619,0.0026675304495711316,-1.454662390424346,-0.49563246955040086
384,0.35579114687767877,1.6291171242114446,0.34001603826936844,-0.10476847768359221,-1.5133839617305966,-0.6030684776835642
385,1.660609206409734,3.2004856181946235,0.3769734782187584,-1.617255061248045,0.05827347821877993,-3.1999550612480334
386,1.8309490023655588,3.3544467187278775,0.47571275308376926,-1.768070028538716,0.1570127530837908,-3.3507700285387045
387,1.7002063120903785,3.215262460165601,0.49028574231277844,-1.6279807721704742,0.1715857423128,-3.2106807721704627
388,1.7711434673924278,3.315660453390275,0.36747897469518875,-1.7326016233525365,0.04877897469521031,-3.315301623352525
389,0.432863340151614,1.8253478932679887,-0.17383627648735,0.3964235364155684,-1.561036276487357,-0.9460764635844043
390,0.43246715242747436,1.8244880375054884,-0.17283422388368308,0.39642927362046976,-1.5600342238836902,-0.946070726379503
391,0.4073901588303991,1.7553767623917984,-0.09173248731008243,0.3969280694077497,-1.4789324873100895,-0.945571930592223
392,0.3433859706167524,1.8798198422122632,-0.17429681922578766,0.2958623727752183,-1.5614968192257948,-1.0466376272247544
393,0.4069100324411858,1.7531320028777393,-0.08913152915772571,0.3970281413342036,-1.4763315291577328,-0.9454718586657691
394,0.35116815630918224,1.875905812464587,-0.17523628457445284,0.30432107809701847,-1.56243628457446,-1.0381789219029542
395,0.3316056764214019,1.6552148445059216,0.08520287303508667,0.3204727680497399,-1.3019971269649204,-1.0220272319502328
396,0.33575952985494567,1.6462956383337617,0.09541964107529566,0.32191544539750794,-1.2917803589247114,-1.0205845546024648
397,1.6554222404957721,2.1166059549483665,-0.024650965822274884,-1.6552386910086625,-0.22755096582227452,-2.1043386910087065
398,1.65542179141754,2.1166050784753225,-0.02464632783471643,-1.655238310946288,-0.22754632783471607,-2.104338310946332
399,0.4423622545719916,2.1202394898486325,0.41458024776216007,-0.1542970590629693,0.17868024776214497,-2.1126970590629526
400,0.1854566087438329,2.1189784161636136,0.0928092910645546,-0.1605633495504435,-0.007990708935494695,-2.1189633495504268
401,0.47634367603932953,2.171967655294707,0.4300347260585795,-0.20487418599321927,0.1941347260585644,-2.1632741859932025
402,0.40049602043647453,2.0036335361812903,0.39863014898264737,-0.03861433292865968,0.16273014898263227,-1.997014332928643
403,2.4793879961702694,3.8607583370565255,0.5740051995592239,-2.412028786402061,0.4552051995592592,-3.8338287864021368
404,1.5042125879816726,1.9569368371642863,0.06355403775182822,-1.5028693869155632,-0.13934596224817142,-1.9519693869156072
405,1.5041338135277702,1.9567869162499294,0.06418234030456915,-1.5027638391279652,-0.13871765969543048,-1.9518638391280092
406,0.5233692648267775,2.186825293727374,0.47713350505591734,-0.21507906852684755,0.24123350505590224,-2.173479068526831
407,0.4471119128772838,2.108961890464215,0.4239082283785365,-0.14216496245472854,0.18800822837852138,-2.100564962454712
408,1.5170342396704946,1.9609169077055713,0.13801491743174665,-1.510743117442189,-0.06488508256825298,-1.959843117442233
409,0.10547674144662716,2.018707135854516,0.08657042710365204,-0.06025698413702685,-0.014229572896397258,-2.01865698413701
410,0.10547991774694843,2.018709482430138,0.0865726527968036,-0.06025934645867892,-0.0142273472032457,-2.018659346458662
411,1.5179134030243417,1.9617079778484967,0.138748675794659,-1.5115587663224233,-0.06415132420534064,-1.9606587663224673
412,0.2556330748394029,2.098720983867298,0.2157125967967204,-0.137172681445918,0.1149125967966711,-2.0955726814459013
413,0.43339120401117476,2.1332595386734847,0.3992534668918779,-0.16859598123642172,0.1633534668918628,-2.126995981236405
414,0.1698533989717597,2.0818843947238306,0.11669085573123539,-0.12342374703018777,0.015890855731186093,-2.081823747030171
415,0.12025987890237058,2.073376384801771,0.03820114320240009,-0.11403118490852648,-0.0625988567976492,-2.0724311849085097
416,0.12023855293198113,2.07336842184947,0.03816136025113792,-0.11402201627299746,-0.06263863974891137,-2.0724220162729807
417,0.21896410410647868,2.0586354112529452,0.19578785644432628,-0.09804281797300973,0.09498785644427699,-2.056442817972993
418,2.2895737626843338,3.6442272704993504,0.725613925207881,-2.171550700839589,0.6068139252079163,-3.5933507008396646
419,2.369574991747067,3.734261658922903,0.6790343962713905,-2.270197773365453,0.5602343962714258,-3.6919977733655287
420,1.0502440589823456,2.454952031846224,-0.0877270236712775,-1.0465737206453696,-1.9201270236712844,-1.5296737206454054
421,1.1114870017325647,2.5011112019266712,-0.09805359601978125,-1.1071534886040126,-1.9304535960197882,-1.5902534886040485
422,0.35252878788741243,1.3353031246170597,0.1698483620607476,0.30891435737862594,0.1156483620607105,-1.3302856426214476
423,1.1901528330067377,2.5670449100335855,-0.11953431404185721,-1.1841348376264023,-1.9519343140418641,-1.667234837626438
424,0.919939258415323,2.3181785350453867,-0.01305180697158903,-0.9198466663028739,-1.845451806971596,-1.4029466663029098
425,0.17845725067701962,2.0586366226353587,0.14801306090942035,-0.09969515594764289,0.04721306090937105,-2.058095155947626
426,0.6088663572519116,1.090721415733749,0.23176730350257913,0.5630294468501233,0.17756730350254202,-1.0761705531499501
427,1.1755933047708915,2.5768881211055987,-0.1474483886129292,-1.1663098177232314,-1.979848388612936,-1.6494098177232672
428,0.9791302109562642,2.3808415599207473,-0.047399242313758805,-0.9779822502659954,-1.8797992423137657,-1.4610822502660312
429,1.062060327088436,2.219608898642777,0.4759642875693544,-0.9494367463574349,-0.8859357124306371,-2.0351367463574093
430,0.6256504339294118,1.1616524558014738,0.3529174585596593,0.5166117816308997,0.2987174585596222,-1.1225882183691738
431,0.38190964044949877,1.364766817518479,0.038620960968842155,0.37995183226576046,-0.2992790390311484,-1.3315481677341268
432,1.0589866828825363,2.226509812800203,0.4642074448955782,-0.9518215392740785,-0.8976925551044133,-2.037521539274053
433,1.628295387186532,2.0756945567250424,0.11054201629553972,-1.6245388054971954,-0.09235798370445991,-2.0736388054972394
434,0.9665581324520965,2.147694916434564,0.4466054870441667,-0.8571920218663536,-0.9152945129558248,-1.942892021866328
435,0.3798393440060448,1.3677539878969645,0.031337847846316436,0.37854440498745134,-0.3065621521536741,-1.3329555950124359
436,0.37983937324906075,1.3677539636845804,0.03133781728570284,0.3785444368604658,-0.3065621827142877,-1.3329555631394214
437,1.629896741838692,2.077285894432808,0.11064993560944458,-1.626136519731972,-0.09225006439055505,-2.075236519732016
438,0.44811006137375664,1.358064528512364,0.27350283467478675,0.35496313404246393,-0.06439716532520379,-1.3565368659574233
439,0.38922751746925144,1.3600329987500686,0.12703577011006928,0.36791299714445813,-0.21086422988992126,-1.343587002855429
440,0.39101341435670284,1.35603575888654,0.11363139742161366,0.3741382040461758,-0.22426860257837689,-1.3373617959537114
441,0.3732597720385213,1.3993327169284409,0.19259986932513584,0.3197313681173455,-0.1453001306748547,-1.3917686318825417
442,0.3587149374061231,1.3894194830250661,0.11328842260752481,0.3403559014052462,-0.22461157739246573,-1.371144098594641
443,0.328069459614026,1.440863651059154,-0.05092891258277632,0.3240922957963903,-0.38882891258276686,-1.387407704203497
444,0.24487048930096741,1.501800847418379,0.017708572151036606,0.2442293246169811,-0.32019142784895394,-1.4672706753829061
445,0.6066961243292659,1.5551500746546467,0.38779279998561833,0.46658003767356604,0.26779279998572747,-1.5319199623264126
446,0.21690523568233328,1.5309274083607967,0.006836431067881676,0.216797473409315,-0.33106356893210886,-1.4947025265905722
447,0.7255947168607247,1.4616632710636976,0.44469138698514143,0.5733561401759175,0.3246913869852506,-1.425143859824061
448,0.6098547724530977,1.5405537158845526,0.37682608057684774,0.4795048993294131,0.2568260805769569,-1.5189951006705655
449,0.5409373761717066,1.5881072708246182,0.33468405892585906,0.42497038207437754,0.2146840589259682,-1.573529617925601
450,0.6845680963765142,1.461674543779306,0.39071858046804664,0.5621142850467322,0.2707185804681558,-1.4363857149532464
